,courseid,wateryear,calyear,monthtrimester,datecode,scmonth,scday,scdepth,scswe,myid,mycat1,mycat2,mycon1,mycon2
1,09n02.txt,1985,NA,1,K/26 ,12,26,355.6,106.68,1,09n02.txt,12,355.6,106.68
2,09n02.txt,1987,1986,1,K/30 ,12,30,228.6,53.34,2,09n02.txt,12,228.6,53.34
3,09n02.txt,1988,1987,1,K/29 ,12,29,355.6,93.98,3,09n02.txt,12,355.6,93.98
4,09n02.txt,1989,1988,1,K/29 ,12,29,482.6,116.84,4,09n02.txt,12,482.6,116.84
5,09n02.txt,1990,1989,1,K/28 ,12,28,0,0,5,09n02.txt,12,0,0
6,09n02.txt,1991,1990,1,K/27 ,12,27,482.6,101.6,6,09n02.txt,12,482.6,101.6
7,09n02.txt,1992,1992,1,E/ST ,1,1,NA,139.7,7,09n02.txt,1,NA,139.7
8,09n02.txt,1993,1992,1,K/30 ,12,30,355.6,88.9,8,09n02.txt,12,355.6,88.9
9,09n02.txt,1994,1993,1,K/29 ,12,29,152.4,27.94,9,09n02.txt,12,152.4,27.94
10,09n02.txt,1995,1994,1,K/29 ,12,29,177.8,63.5,10,09n02.txt,12,177.8,63.5
11,09n02.txt,1996,1995,1,K/28 ,12,28,101.6,15.24,11,09n02.txt,12,101.6,15.24
12,09n02.txt,1997,1996,1,K/30 ,12,30,152.4,43.18,12,09n02.txt,12,152.4,43.18
13,09n02.txt,1998,1997,1,K/31 ,12,31,482.6,111.76,13,09n02.txt,12,482.6,111.76
14,09n02.txt,1999,1998,1,K/29 ,12,29,254,50.8,14,09n02.txt,12,254,50.8
15,09n02.txt,2000,1999,1,K/29 ,12,29,152.4,22.86,15,09n02.txt,12,152.4,22.86
16,09n02.txt,2001,2001,1,2-Jan,1,2,152.4,25.4,16,09n02.txt,1,152.4,25.4
17,09n02.txt,2002,2001,1,K/26 ,12,26,330.2,76.2,17,09n02.txt,12,330.2,76.2
18,09n02.txt,2003,2002,1,K/31 ,12,31,254,58.42,18,09n02.txt,12,254,58.42
19,09n02.txt,2004,2003,1,K/29 ,12,29,228.6,45.72,19,09n02.txt,12,228.6,45.72
20,09n02.txt,2005,2005,1,4-Jan,1,4,304.8,71.12,20,09n02.txt,1,304.8,71.12
21,09n02.txt,2006,2005,1,K/29 ,12,29,0,0,21,09n02.txt,12,0,0
22,09n02.txt,2007,2006,1,K/27 ,12,27,127,27.94,22,09n02.txt,12,127,27.94
23,09n02.txt,2008,2007,1,K/27 ,12,27,355.6,38.1,23,09n02.txt,12,355.6,38.1
24,09n02.txt,2009,2008,1,K/30 ,12,30,711.2,172.72,24,09n02.txt,12,711.2,172.72
25,09n02.txt,2010,2009,1,K/29 ,12,29,457.2,99.06,25,09n02.txt,12,457.2,99.06
26,09n02.txt,2011,2010,1,K/28 ,12,28,203.2,63.5,26,09n02.txt,12,203.2,63.5
27,09n02.txt,2012,2011,1,K/27 ,12,27,203.2,30.48,27,09n02.txt,12,203.2,30.48
28,09n02.txt,1985,1985,2,14-Jan,1,14,635,152.4,28,09n02.txt,1,635,152.4
29,09n02.txt,1986,1986,2,13-Jan,1,13,381,182.88,29,09n02.txt,1,381,182.88
30,09n02.txt,1987,1987,2,14-Jan,1,14,330.2,63.5,30,09n02.txt,1,330.2,63.5
31,09n02.txt,1988,1988,2,13-Jan,1,13,533.4,139.7,31,09n02.txt,1,533.4,139.7
32,09n02.txt,1989,1989,2,12-Jan,1,12,609.6,147.32,32,09n02.txt,1,609.6,147.32
33,09n02.txt,1990,1990,2,16-Jan,1,16,25.4,2.54,33,09n02.txt,1,25.4,2.54
34,09n02.txt,1991,1991,2,14-Jan,1,14,685.8,185.42,34,09n02.txt,1,685.8,185.42
35,09n02.txt,1992,1992,2,13-Jan,1,13,711.2,167.64,35,09n02.txt,1,711.2,167.64
36,09n02.txt,1993,1993,2,14-Jan,1,14,635,165.1,36,09n02.txt,1,635,165.1
37,09n02.txt,1994,1994,2,12-Jan,1,12,152.4,30.48,37,09n02.txt,1,152.4,30.48
38,09n02.txt,1995,1995,2,12-Jan,1,12,787.4,185.42,38,09n02.txt,1,787.4,185.42
39,09n02.txt,1996,1996,2,11-Jan,1,11,127,20.32,39,09n02.txt,1,127,20.32
40,09n02.txt,1997,1997,2,13-Jan,1,13,431.8,68.58,40,09n02.txt,1,431.8,68.58
41,09n02.txt,1998,1998,2,13-Jan,1,13,660.4,142.24,41,09n02.txt,1,660.4,142.24
42,09n02.txt,1999,1999,2,13-Jan,1,13,254,63.5,42,09n02.txt,1,254,63.5
43,09n02.txt,2000,2000,2,13-Jan,1,13,279.4,50.8,43,09n02.txt,1,279.4,50.8
44,09n02.txt,2001,2001,2,16-Jan,1,16,381,48.26,44,09n02.txt,1,381,48.26
45,09n02.txt,2002,2002,2,15-Jan,1,15,355.6,81.28,45,09n02.txt,1,355.6,81.28
46,09n02.txt,2003,2003,2,14-Jan,1,14,304.8,81.28,46,09n02.txt,1,304.8,81.28
47,09n02.txt,2004,2004,2,13-Jan,1,13,279.4,73.66,47,09n02.txt,1,279.4,73.66
48,09n02.txt,2005,2005,2,11-Jan,1,11,304.8,104.14,48,09n02.txt,1,304.8,104.14
49,09n02.txt,2006,2006,2,12-Jan,1,12,0,0,49,09n02.txt,1,0,0
50,09n02.txt,2007,2007,2,11-Jan,1,11,203.2,38.1,50,09n02.txt,1,203.2,38.1
51,09n02.txt,2008,2008,2,13-Jan,1,13,558.8,124.46,51,09n02.txt,1,558.8,124.46
52,09n02.txt,2009,2009,2,13-Jan,1,13,660.4,180.34,52,09n02.txt,1,660.4,180.34
53,09n02.txt,2011,2011,2,13-Jan,1,13,482.6,116.84,53,09n02.txt,1,482.6,116.84
54,09n02.txt,2012,2012,2,11-Jan,1,11,152.4,35.56,54,09n02.txt,1,152.4,35.56
55,09n04.txt,1987,1986,1,K/30 ,12,30,279.4,81.28,55,09n04.txt,12,279.4,81.28
56,09n04.txt,1988,1987,1,K/29 ,12,29,431.8,114.3,56,09n04.txt,12,431.8,114.3
57,09n04.txt,1989,1988,1,K/29 ,12,29,660.4,142.24,57,09n04.txt,12,660.4,142.24
58,09n04.txt,1990,1989,1,K/28 ,12,28,0,0,58,09n04.txt,12,0,0
59,09n04.txt,1991,1990,1,K/27 ,12,27,558.8,127,59,09n04.txt,12,558.8,127
60,09n04.txt,1992,1992,1,E/ST ,1,1,NA,152.4,60,09n04.txt,1,NA,152.4
61,09n04.txt,1993,1992,1,K/30 ,12,30,431.8,106.68,61,09n04.txt,12,431.8,106.68
62,09n04.txt,1994,1993,1,K/29 ,12,29,304.8,68.58,62,09n04.txt,12,304.8,68.58
63,09n04.txt,1995,1994,1,K/29 ,12,29,355.6,106.68,63,09n04.txt,12,355.6,106.68
64,09n04.txt,1996,1995,1,K/28 ,12,28,152.4,22.86,64,09n04.txt,12,152.4,22.86
65,09n04.txt,1997,1996,1,K/30 ,12,30,330.2,93.98,65,09n04.txt,12,330.2,93.98
66,09n04.txt,1998,1997,1,K/31 ,12,31,558.8,144.78,66,09n04.txt,12,558.8,144.78
67,09n04.txt,1999,1998,1,K/29 ,12,29,355.6,96.52,67,09n04.txt,12,355.6,96.52
68,09n04.txt,2000,1999,1,K/29 ,12,29,203.2,27.94,68,09n04.txt,12,203.2,27.94
69,09n04.txt,2001,2001,1,2-Jan,1,2,304.8,68.58,69,09n04.txt,1,304.8,68.58
70,09n04.txt,2002,2001,1,K/28 ,12,28,457.2,106.68,70,09n04.txt,12,457.2,106.68
71,09n04.txt,2003,2002,1,K/31 ,12,31,457.2,109.22,71,09n04.txt,12,457.2,109.22
72,09n04.txt,2004,2003,1,K/30 ,12,30,406.4,78.74,72,09n04.txt,12,406.4,78.74
73,09n04.txt,2005,2005,1,4-Jan,1,4,508,116.84,73,09n04.txt,1,508,116.84
74,09n04.txt,2006,2005,1,K/29 ,12,29,50.8,5.08,74,09n04.txt,12,50.8,5.08
75,09n04.txt,2007,2006,1,K/27 ,12,27,203.2,38.1,75,09n04.txt,12,203.2,38.1
76,09n04.txt,2008,2007,1,K/31 ,12,31,355.6,76.2,76,09n04.txt,12,355.6,76.2
77,09n04.txt,2009,2008,1,K/30 ,12,30,914.4,218.44,77,09n04.txt,12,914.4,218.44
78,09n04.txt,2011,2010,1,K/28 ,12,28,406.4,119.38,78,09n04.txt,12,406.4,119.38
79,09n04.txt,2012,2011,1,K/27 ,12,27,330.2,60.96,79,09n04.txt,12,330.2,60.96
80,09n04.txt,1986,1986,2,13-Jan,1,13,533.4,223.52,80,09n04.txt,1,533.4,223.52
81,09n04.txt,1987,1987,2,14-Jan,1,14,406.4,76.2,81,09n04.txt,1,406.4,76.2
82,09n04.txt,1988,1988,2,13-Jan,1,13,685.8,167.64,82,09n04.txt,1,685.8,167.64
83,09n04.txt,1989,1989,2,12-Jan,1,12,736.6,182.88,83,09n04.txt,1,736.6,182.88
84,09n04.txt,1990,1990,2,16-Jan,1,16,101.6,12.7,84,09n04.txt,1,101.6,12.7
85,09n04.txt,1991,1991,2,14-Jan,1,14,838.2,231.14,85,09n04.txt,1,838.2,231.14
86,09n04.txt,1992,1992,2,13-Jan,1,13,838.2,200.66,86,09n04.txt,1,838.2,200.66
87,09n04.txt,1993,1993,2,14-Jan,1,14,1092.2,269.24,87,09n04.txt,1,1092.2,269.24
88,09n04.txt,1994,1994,2,12-Jan,1,12,304.8,73.66,88,09n04.txt,1,304.8,73.66
89,09n04.txt,1995,1995,2,12-Jan,1,12,990.6,218.44,89,09n04.txt,1,990.6,218.44
90,09n04.txt,1996,1996,2,11-Jan,1,11,177.8,30.48,90,09n04.txt,1,177.8,30.48
91,09n04.txt,1997,1997,2,13-Jan,1,13,685.8,134.62,91,09n04.txt,1,685.8,134.62
92,09n04.txt,1998,1998,2,13-Jan,1,13,787.4,185.42,92,09n04.txt,1,787.4,185.42
93,09n04.txt,1999,1999,2,13-Jan,1,13,355.6,96.52,93,09n04.txt,1,355.6,96.52
94,09n04.txt,2000,2000,2,13-Jan,1,13,355.6,76.2,94,09n04.txt,1,355.6,76.2
95,09n04.txt,2001,2001,2,16-Jan,1,16,533.4,101.6,95,09n04.txt,1,533.4,101.6
96,09n04.txt,2002,2002,2,15-Jan,1,15,406.4,106.68,96,09n04.txt,1,406.4,106.68
97,09n04.txt,2003,2003,2,14-Jan,1,14,482.6,139.7,97,09n04.txt,1,482.6,139.7
98,09n04.txt,2004,2004,2,13-Jan,1,13,457.2,116.84,98,09n04.txt,1,457.2,116.84
99,09n04.txt,2005,2005,2,11-Jan,1,11,533.4,162.56,99,09n04.txt,1,533.4,162.56
100,09n04.txt,2006,2006,2,12-Jan,1,12,50.8,5.08,100,09n04.txt,1,50.8,5.08
101,09n04.txt,2007,2007,2,11-Jan,1,11,279.4,60.96,101,09n04.txt,1,279.4,60.96
102,09n04.txt,2008,2008,2,13-Jan,1,13,685.8,162.56,102,09n04.txt,1,685.8,162.56
103,09n04.txt,2009,2009,2,13-Jan,1,13,787.4,226.06,103,09n04.txt,1,787.4,226.06
104,09n04.txt,2011,2011,2,13-Jan,1,13,660.4,185.42,104,09n04.txt,1,660.4,185.42
105,09n04.txt,2012,2012,2,12-Jan,1,12,304.8,68.58,105,09n04.txt,1,304.8,68.58
106,09n02.txt,1985,1985,1,25-Jan,1,25,635,152.4,106,09n02.txt,1,635,152.4
107,09n02.txt,1986,1986,1,30-Jan,1,30,330.2,119.38,107,09n02.txt,1,330.2,119.38
108,09n02.txt,1987,1987,1,28-Jan,1,28,381,116.84,108,09n02.txt,1,381,116.84
109,09n02.txt,1988,1988,1,28-Jan,1,28,711.2,198.12,109,09n02.txt,1,711.2,198.12
110,09n02.txt,1989,1989,1,31-Jan,1,31,609.6,154.94,110,09n02.txt,1,609.6,154.94
111,09n02.txt,1990,1990,1,31-Jan,1,31,76.2,12.7,111,09n02.txt,1,76.2,12.7
112,09n02.txt,1991,1991,1,31-Jan,1,31,762,215.9,112,09n02.txt,1,762,215.9
113,09n02.txt,1992,1992,1,29-Jan,1,29,609.6,162.56,113,09n02.txt,1,609.6,162.56
114,09n02.txt,1993,1993,1,28-Jan,1,28,762,215.9,114,09n02.txt,1,762,215.9
115,09n02.txt,1994,1994,1,31-Jan,1,31,304.8,45.72,115,09n02.txt,1,304.8,45.72
116,09n02.txt,1995,1995,1,30-Jan,1,30,863.6,238.76,116,09n02.txt,1,863.6,238.76
117,09n02.txt,1996,1996,1,31-Jan,1,31,279.4,60.96,117,09n02.txt,1,279.4,60.96
118,09n02.txt,1997,1997,1,29-Jan,1,29,660.4,180.34,118,09n02.txt,1,660.4,180.34
119,09n02.txt,1998,1998,1,29-Jan,1,29,609.6,147.32,119,09n02.txt,1,609.6,147.32
120,09n02.txt,1999,1999,1,27-Jan,1,27,304.8,83.82,120,09n02.txt,1,304.8,83.82
121,09n02.txt,2000,2000,1,2-Feb,2,2,381,81.28,121,09n02.txt,2,381,81.28
122,09n02.txt,2001,2001,1,1-Feb,2,1,660.4,119.38,122,09n02.txt,2,660.4,119.38
123,09n02.txt,2002,2002,1,1-Feb,2,1,355.6,83.82,123,09n02.txt,2,355.6,83.82
124,09n02.txt,2003,2003,1,29-Jan,1,29,254,76.2,124,09n02.txt,1,254,76.2
125,09n02.txt,2004,2004,1,27-Jan,1,27,457.2,101.6,125,09n02.txt,1,457.2,101.6
126,09n02.txt,2005,2005,1,26-Jan,1,26,304.8,124.46,126,09n02.txt,1,304.8,124.46
127,09n02.txt,2006,2006,1,31-Jan,1,31,203.2,30.48,127,09n02.txt,1,203.2,30.48
128,09n02.txt,2007,2007,1,30-Jan,1,30,330.2,81.28,128,09n02.txt,1,330.2,81.28
129,09n02.txt,2008,2008,1,3-Feb,2,3,685.8,137.16,129,09n02.txt,2,685.8,137.16
130,09n02.txt,2009,2009,1,29-Jan,1,29,508,170.18,130,09n02.txt,1,508,170.18
131,09n02.txt,2010,2010,1,31-Jan,1,31,1143,302.26,131,09n02.txt,1,1143,302.26
132,09n02.txt,2011,2011,1,29-Jan,1,29,406.4,139.7,132,09n02.txt,1,406.4,139.7
133,09n02.txt,2012,2012,1,26-Jan,1,26,279.4,55.88,133,09n02.txt,1,279.4,55.88
134,09n02.txt,1985,1985,2,13-Feb,2,13,914.4,251.46,134,09n02.txt,2,914.4,251.46
135,09n02.txt,1986,1986,2,13-Feb,2,13,508,167.64,135,09n02.txt,2,508,167.64
136,09n02.txt,1987,1987,2,11-Feb,2,11,304.8,83.82,136,09n02.txt,2,304.8,83.82
137,09n02.txt,1988,1988,2,10-Feb,2,10,939.8,261.62,137,09n02.txt,2,939.8,261.62
138,09n02.txt,1989,1989,2,15-Feb,2,15,762,208.28,138,09n02.txt,2,762,208.28
139,09n02.txt,1990,1990,2,E/ST ,2,15,NA,50.8,139,09n02.txt,2,NA,50.8
140,09n02.txt,1991,1991,2,14-Feb,2,14,685.8,193.04,140,09n02.txt,2,685.8,193.04
141,09n02.txt,1992,1992,2,11-Feb,2,11,685.8,152.4,141,09n02.txt,2,685.8,152.4
142,09n02.txt,1993,1993,2,10-Feb,2,10,889,231.14,142,09n02.txt,2,889,231.14
143,09n02.txt,1994,1994,2,14-Feb,2,14,508,119.38,143,09n02.txt,2,508,119.38
144,09n02.txt,1995,1995,2,13-Feb,2,13,660.4,213.36,144,09n02.txt,2,660.4,213.36
145,09n02.txt,1996,1996,2,14-Feb,2,14,228.6,106.68,145,09n02.txt,2,228.6,106.68
146,09n02.txt,1997,1997,2,12-Feb,2,12,609.6,185.42,146,09n02.txt,2,609.6,185.42
147,09n02.txt,1998,1998,2,13-Feb,2,13,838.2,203.2,147,09n02.txt,2,838.2,203.2
148,09n02.txt,1999,1999,2,11-Feb,2,11,330.2,83.82,148,09n02.txt,2,330.2,83.82
149,09n02.txt,2000,2000,2,14-Feb,2,14,228.6,78.74,149,09n02.txt,2,228.6,78.74
150,09n02.txt,2002,2002,2,14-Feb,2,14,304.8,81.28,150,09n02.txt,2,304.8,81.28
151,09n02.txt,2003,2003,2,12-Feb,2,12,203.2,68.58,151,09n02.txt,2,203.2,68.58
152,09n02.txt,2004,2004,2,10-Feb,2,10,635,144.78,152,09n02.txt,2,635,144.78
153,09n02.txt,2005,2005,2,14-Feb,2,14,558.8,187.96,153,09n02.txt,2,558.8,187.96
154,09n02.txt,2006,2006,2,14-Feb,2,14,152.4,30.48,154,09n02.txt,2,152.4,30.48
155,09n02.txt,2007,2007,2,13-Feb,2,13,406.4,93.98,155,09n02.txt,2,406.4,93.98
156,09n02.txt,2008,2008,2,13-Feb,2,13,711.2,149.86,156,09n02.txt,2,711.2,149.86
157,09n02.txt,2009,2009,2,12-Feb,2,12,914.4,223.52,157,09n02.txt,2,914.4,223.52
158,09n02.txt,2010,2010,2,10-Feb,2,10,1244.6,337.82,158,09n02.txt,2,1244.6,337.82
159,09n02.txt,2011,2011,2,11-Feb,2,11,533.4,134.62,159,09n02.txt,2,533.4,134.62
160,09n02.txt,2012,2012,2,10-Feb,2,10,330.2,78.74,160,09n02.txt,2,330.2,78.74
161,09n04.txt,1986,1986,1,30-Jan,1,30,482.6,152.4,161,09n04.txt,1,482.6,152.4
162,09n04.txt,1987,1987,1,28-Jan,1,28,457.2,119.38,162,09n04.txt,1,457.2,119.38
163,09n04.txt,1988,1988,1,28-Jan,1,28,889,261.62,163,09n04.txt,1,889,261.62
164,09n04.txt,1989,1989,1,31-Jan,1,31,660.4,200.66,164,09n04.txt,1,660.4,200.66
165,09n04.txt,1990,1990,1,31-Jan,1,31,203.2,35.56,165,09n04.txt,1,203.2,35.56
166,09n04.txt,1991,1991,1,31-Jan,1,31,838.2,256.54,166,09n04.txt,1,838.2,256.54
167,09n04.txt,1992,1992,1,29-Jan,1,29,711.2,198.12,167,09n04.txt,1,711.2,198.12
168,09n04.txt,1993,1993,1,28-Jan,1,28,1143,342.9,168,09n04.txt,1,1143,342.9
169,09n04.txt,1994,1994,1,31-Jan,1,31,508,101.6,169,09n04.txt,1,508,101.6
170,09n04.txt,1995,1995,1,30-Jan,1,30,1092.2,289.56,170,09n04.txt,1,1092.2,289.56
171,09n04.txt,1996,1996,1,31-Jan,1,31,431.8,83.82,171,09n04.txt,1,431.8,83.82
172,09n04.txt,1997,1997,1,29-Jan,1,29,990.6,269.24,172,09n04.txt,1,990.6,269.24
173,09n04.txt,1998,1998,1,29-Jan,1,29,711.2,198.12,173,09n04.txt,1,711.2,198.12
174,09n04.txt,1999,1999,1,27-Jan,1,27,457.2,114.3,174,09n04.txt,1,457.2,114.3
175,09n04.txt,2000,2000,1,31-Jan,1,31,609.6,134.62,175,09n04.txt,1,609.6,134.62
176,09n04.txt,2001,2001,1,1-Feb,2,1,787.4,160.02,176,09n04.txt,2,787.4,160.02
177,09n04.txt,2002,2002,1,1-Feb,2,1,431.8,114.3,177,09n04.txt,2,431.8,114.3
178,09n04.txt,2003,2003,1,29-Jan,1,29,406.4,132.08,178,09n04.txt,1,406.4,132.08
179,09n04.txt,2004,2004,1,27-Jan,1,27,660.4,154.94,179,09n04.txt,1,660.4,154.94
180,09n04.txt,2005,2005,1,26-Jan,1,26,508,162.56,180,09n04.txt,1,508,162.56
181,09n04.txt,2006,2006,1,1-Feb,2,1,203.2,40.64,181,09n04.txt,2,203.2,40.64
182,09n04.txt,2007,2007,1,30-Jan,1,30,457.2,109.22,182,09n04.txt,1,457.2,109.22
183,09n04.txt,2008,2008,1,3-Feb,2,3,889,228.6,183,09n04.txt,2,889,228.6
184,09n04.txt,2009,2009,1,29-Jan,1,29,711.2,238.76,184,09n04.txt,1,711.2,238.76
185,09n04.txt,2010,2010,1,31-Jan,1,31,1193.8,307.34,185,09n04.txt,1,1193.8,307.34
186,09n04.txt,2011,2011,1,29-Jan,1,29,558.8,185.42,186,09n04.txt,1,558.8,185.42
187,09n04.txt,2012,2012,1,26-Jan,1,26,457.2,101.6,187,09n04.txt,1,457.2,101.6
188,09n04.txt,1986,1986,2,13-Feb,2,13,762,251.46,188,09n04.txt,2,762,251.46
189,09n04.txt,1987,1987,2,11-Feb,2,11,406.4,114.3,189,09n04.txt,2,406.4,114.3
190,09n04.txt,1988,1988,2,10-Feb,2,10,1143,320.04,190,09n04.txt,2,1143,320.04
191,09n04.txt,1989,1989,2,15-Feb,2,15,838.2,243.84,191,09n04.txt,2,838.2,243.84
192,09n04.txt,1990,1990,2,E/ST ,2,15,NA,71.12,192,09n04.txt,2,NA,71.12
193,09n04.txt,1991,1991,2,14-Feb,2,14,762,241.3,193,09n04.txt,2,762,241.3
194,09n04.txt,1992,1992,2,11-Feb,2,11,889,215.9,194,09n04.txt,2,889,215.9
195,09n04.txt,1993,1993,2,10-Feb,2,10,1320.8,363.22,195,09n04.txt,2,1320.8,363.22
196,09n04.txt,1994,1994,2,14-Feb,2,14,736.6,177.8,196,09n04.txt,2,736.6,177.8
197,09n04.txt,1995,1995,2,13-Feb,2,13,863.6,266.7,197,09n04.txt,2,863.6,266.7
198,09n04.txt,1996,1996,2,14-Feb,2,14,457.2,142.24,198,09n04.txt,2,457.2,142.24
199,09n04.txt,1997,1997,2,12-Feb,2,12,889,279.4,199,09n04.txt,2,889,279.4
200,09n04.txt,1998,1998,2,13-Feb,2,13,965.2,261.62,200,09n04.txt,2,965.2,261.62
201,09n04.txt,1999,1999,2,11-Feb,2,11,482.6,129.54,201,09n04.txt,2,482.6,129.54
202,09n04.txt,2000,2000,2,14-Feb,2,14,533.4,154.94,202,09n04.txt,2,533.4,154.94
203,09n04.txt,2002,2002,2,14-Feb,2,14,381,104.14,203,09n04.txt,2,381,104.14
204,09n04.txt,2003,2003,2,12-Feb,2,12,381,129.54,204,09n04.txt,2,381,129.54
205,09n04.txt,2004,2004,2,10-Feb,2,10,838.2,198.12,205,09n04.txt,2,838.2,198.12
206,09n04.txt,2005,2005,2,14-Feb,2,14,838.2,266.7,206,09n04.txt,2,838.2,266.7
207,09n04.txt,2006,2006,2,14-Feb,2,14,152.4,35.56,207,09n04.txt,2,152.4,35.56
208,09n04.txt,2007,2007,2,13-Feb,2,13,660.4,162.56,208,09n04.txt,2,660.4,162.56
209,09n04.txt,2008,2008,2,13-Feb,2,13,863.6,243.84,209,09n04.txt,2,863.6,243.84
210,09n04.txt,2009,2009,2,12-Feb,2,12,1092.2,294.64,210,09n04.txt,2,1092.2,294.64
211,09n04.txt,2010,2010,2,10-Feb,2,10,1270,342.9,211,09n04.txt,2,1270,342.9
212,09n04.txt,2011,2011,2,11-Feb,2,11,660.4,190.5,212,09n04.txt,2,660.4,190.5
213,09n04.txt,2012,2012,2,10-Feb,2,10,508,114.3,213,09n04.txt,2,508,114.3
214,09n02.txt,1985,1985,1,25-Feb,2,25,762,233.68,214,09n02.txt,2,762,233.68
215,09n02.txt,1986,1986,1,27-Feb,2,27,330.2,139.7,215,09n02.txt,2,330.2,139.7
216,09n02.txt,1987,1987,1,25-Feb,2,25,558.8,129.54,216,09n02.txt,2,558.8,129.54
217,09n02.txt,1988,1988,1,1-Mar,3,1,609.6,213.36,217,09n02.txt,3,609.6,213.36
218,09n02.txt,1989,1989,1,28-Feb,2,28,558.8,167.64,218,09n02.txt,2,558.8,167.64
219,09n02.txt,1990,1990,1,28-Feb,2,28,177.8,45.72,219,09n02.txt,2,177.8,45.72
220,09n02.txt,1991,1991,1,28-Feb,2,28,558.8,200.66,220,09n02.txt,2,558.8,200.66
221,09n02.txt,1992,1992,1,26-Feb,2,26,787.4,215.9,221,09n02.txt,2,787.4,215.9
222,09n02.txt,1993,1993,1,24-Feb,2,24,914.4,274.32,222,09n02.txt,2,914.4,274.32
223,09n02.txt,1994,1994,1,28-Feb,2,28,635,149.86,223,09n02.txt,2,635,149.86
224,09n02.txt,1995,1995,1,27-Feb,2,27,609.6,236.22,224,09n02.txt,2,609.6,236.22
225,09n02.txt,1996,1996,1,28-Feb,2,28,228.6,25.4,225,09n02.txt,2,228.6,25.4
226,09n02.txt,1997,1997,1,26-Feb,2,26,635,200.66,226,09n02.txt,2,635,200.66
227,09n02.txt,1999,1999,1,1-Mar,3,1,50.8,12.7,227,09n02.txt,3,50.8,12.7
228,09n02.txt,2000,2000,1,28-Feb,2,28,203.2,66.04,228,09n02.txt,2,203.2,66.04
229,09n02.txt,2001,2001,1,2-Mar,3,2,660.4,182.88,229,09n02.txt,3,660.4,182.88
230,09n02.txt,2002,2002,1,28-Feb,2,28,279.4,73.66,230,09n02.txt,2,279.4,73.66
231,09n02.txt,2003,2003,1,26-Feb,2,26,533.4,119.38,231,09n02.txt,2,533.4,119.38
232,09n02.txt,2004,2004,1,25-Feb,2,25,609.6,142.24,232,09n02.txt,2,609.6,142.24
233,09n02.txt,2005,2005,1,1-Mar,3,1,609.6,226.06,233,09n02.txt,3,609.6,226.06
234,09n02.txt,2006,2006,1,28-Feb,2,28,0,0,234,09n02.txt,2,0,0
235,09n02.txt,2007,2007,1,28-Feb,2,28,457.2,154.94,235,09n02.txt,2,457.2,154.94
236,09n02.txt,2008,2008,1,28-Feb,2,28,889,195.58,236,09n02.txt,2,889,195.58
237,09n02.txt,2010,2010,1,24-Feb,2,24,1320.8,383.54,237,09n02.txt,2,1320.8,383.54
238,09n02.txt,2011,2011,1,25-Feb,2,25,508,160.02,238,09n02.txt,2,508,160.02
239,09n02.txt,2012,2012,1,Feb-29,2,29,482.6,111.76,239,09n02.txt,2,482.6,111.76
240,09n02.txt,1985,1985,2,11-Mar,3,11,508,160.02,240,09n02.txt,3,508,160.02
241,09n02.txt,1986,1986,2,13-Mar,3,13,330.2,101.6,241,09n02.txt,3,330.2,101.6
242,09n02.txt,1987,1987,2,12-Mar,3,12,381,132.08,242,09n02.txt,3,381,132.08
243,09n02.txt,1988,1988,2,15-Mar,3,15,609.6,236.22,243,09n02.txt,3,609.6,236.22
244,09n02.txt,1989,1989,2,13-Mar,3,13,279.4,114.3,244,09n02.txt,3,279.4,114.3
245,09n02.txt,1990,1990,2,15-Mar,3,15,381,83.82,245,09n02.txt,3,381,83.82
246,09n02.txt,1991,1991,2,14-Mar,3,14,584.2,208.28,246,09n02.txt,3,584.2,208.28
247,09n02.txt,1992,1992,2,12-Mar,3,12,609.6,185.42,247,09n02.txt,3,609.6,185.42
248,09n02.txt,1993,1993,2,10-Mar,3,10,762,264.16,248,09n02.txt,3,762,264.16
249,09n02.txt,1994,1994,2,14-Mar,3,14,381,165.1,249,09n02.txt,3,381,165.1
250,09n02.txt,1995,1995,2,14-Mar,3,14,685.8,284.48,250,09n02.txt,3,685.8,284.48
251,09n02.txt,1996,1996,2,13-Mar,3,13,76.2,17.78,251,09n02.txt,3,76.2,17.78
252,09n02.txt,1997,1997,2,13-Mar,3,13,584.2,205.74,252,09n02.txt,3,584.2,205.74
253,09n02.txt,1998,1998,2,12-Mar,3,12,812.8,251.46,253,09n02.txt,3,812.8,251.46
254,09n02.txt,1999,1999,2,15-Mar,3,15,0,0,254,09n02.txt,3,0,0
255,09n02.txt,2000,2000,2,14-Mar,3,14,203.2,68.58,255,09n02.txt,3,203.2,68.58
256,09n02.txt,2001,2001,2,15-Mar,3,15,584.2,203.2,256,09n02.txt,3,584.2,203.2
257,09n02.txt,2002,2002,2,14-Mar,3,14,76.2,20.32,257,09n02.txt,3,76.2,20.32
258,09n02.txt,2003,2003,2,12-Mar,3,12,482.6,175.26,258,09n02.txt,3,482.6,175.26
259,09n02.txt,2004,2004,2,9-Mar,3,9,635,165.1,259,09n02.txt,3,635,165.1
260,09n02.txt,2005,2005,2,15-Mar,3,15,355.6,157.48,260,09n02.txt,3,355.6,157.48
261,09n02.txt,2006,2006,2,15-Mar,3,15,279.4,63.5,261,09n02.txt,3,279.4,63.5
262,09n02.txt,2007,2007,2,13-Mar,3,13,228.6,91.44,262,09n02.txt,3,228.6,91.44
263,09n02.txt,2008,2008,2,13-Mar,3,13,635,215.9,263,09n02.txt,3,635,215.9
264,09n02.txt,2009,2009,2,13-Mar,3,13,355.6,149.86,264,09n02.txt,3,355.6,149.86
265,09n02.txt,2010,2010,2,12-Mar,3,12,1193.8,391.16,265,09n02.txt,3,1193.8,391.16
266,09n02.txt,2011,2011,2,11-Mar,3,11,431.8,170.18,266,09n02.txt,3,431.8,170.18
267,09n02.txt,2012,2012,2,15-Mar,3,15,279.4,86.36,267,09n02.txt,3,279.4,86.36
268,09n04.txt,1986,1986,1,27-Feb,2,27,609.6,203.2,268,09n04.txt,2,609.6,203.2
269,09n04.txt,1987,1987,1,25-Feb,2,25,736.6,170.18,269,09n04.txt,2,736.6,170.18
270,09n04.txt,1988,1988,1,1-Mar,3,1,838.2,284.48,270,09n04.txt,3,838.2,284.48
271,09n04.txt,1989,1989,1,28-Feb,2,28,685.8,226.06,271,09n04.txt,2,685.8,226.06
272,09n04.txt,1990,1990,1,28-Feb,2,28,381,111.76,272,09n04.txt,2,381,111.76
273,09n04.txt,1991,1991,1,28-Feb,2,28,711.2,223.52,273,09n04.txt,2,711.2,223.52
274,09n04.txt,1992,1992,1,26-Feb,2,26,889,259.08,274,09n04.txt,2,889,259.08
275,09n04.txt,1993,1993,1,24-Feb,2,24,1346.2,391.16,275,09n04.txt,2,1346.2,391.16
276,09n04.txt,1994,1994,1,28-Feb,2,28,965.2,223.52,276,09n04.txt,2,965.2,223.52
277,09n04.txt,1995,1995,1,27-Feb,2,27,838.2,276.86,277,09n04.txt,2,838.2,276.86
278,09n04.txt,1996,1996,1,28-Feb,2,28,609.6,160.02,278,09n04.txt,2,609.6,160.02
279,09n04.txt,1997,1997,1,26-Feb,2,26,939.8,292.1,279,09n04.txt,2,939.8,292.1
280,09n04.txt,1999,1999,1,1-Mar,3,1,279.4,101.6,280,09n04.txt,3,279.4,101.6
281,09n04.txt,2000,2000,1,28-Feb,2,28,533.4,170.18,281,09n04.txt,2,533.4,170.18
282,09n04.txt,2001,2001,1,2-Mar,3,2,889,238.76,282,09n04.txt,3,889,238.76
283,09n04.txt,2002,2002,1,28-Feb,2,28,381,101.6,283,09n04.txt,2,381,101.6
284,09n04.txt,2003,2003,1,26-Feb,2,26,736.6,195.58,284,09n04.txt,2,736.6,195.58
285,09n04.txt,2004,2004,1,25-Feb,2,25,838.2,203.2,285,09n04.txt,2,838.2,203.2
286,09n04.txt,2005,2005,1,1-Mar,3,1,965.2,312.42,286,09n04.txt,3,965.2,312.42
287,09n04.txt,2006,2006,1,28-Feb,2,28,76.2,15.24,287,09n04.txt,2,76.2,15.24
288,09n04.txt,2007,2007,1,28-Feb,2,28,711.2,195.58,288,09n04.txt,2,711.2,195.58
289,09n04.txt,2008,2008,1,28-Feb,2,28,1092.2,312.42,289,09n04.txt,2,1092.2,312.42
290,09n04.txt,2010,2010,1,25-Feb,2,25,1524,416.56,290,09n04.txt,2,1524,416.56
291,09n04.txt,2011,2011,1,25-Feb,2,25,762,226.06,291,09n04.txt,2,762,226.06
292,09n04.txt,2012,2012,1,Feb-29,2,29,736.6,175.26,292,09n04.txt,2,736.6,175.26
293,09n04.txt,1986,1986,2,13-Mar,3,13,609.6,203.2,293,09n04.txt,3,609.6,203.2
294,09n04.txt,1987,1987,2,12-Mar,3,12,584.2,180.34,294,09n04.txt,3,584.2,180.34
295,09n04.txt,1988,1988,2,15-Mar,3,15,812.8,312.42,295,09n04.txt,3,812.8,312.42
296,09n04.txt,1989,1989,2,13-Mar,3,13,482.6,190.5,296,09n04.txt,3,482.6,190.5
297,09n04.txt,1990,1990,2,15-Mar,3,15,736.6,185.42,297,09n04.txt,3,736.6,185.42
298,09n04.txt,1991,1991,2,14-Mar,3,14,787.4,269.24,298,09n04.txt,3,787.4,269.24
299,09n04.txt,1992,1992,2,12-Mar,3,12,812.8,264.16,299,09n04.txt,3,812.8,264.16
300,09n04.txt,1993,1993,2,11-Mar,3,11,1168.4,381,300,09n04.txt,3,1168.4,381
301,09n04.txt,1994,1994,2,14-Mar,3,14,660.4,226.06,301,09n04.txt,3,660.4,226.06
302,09n04.txt,1995,1995,2,14-Mar,3,14,1041.4,373.38,302,09n04.txt,3,1041.4,373.38
303,09n04.txt,1996,1996,2,14-Mar,3,14,406.4,147.32,303,09n04.txt,3,406.4,147.32
304,09n04.txt,1997,1997,2,13-Mar,3,13,812.8,287.02,304,09n04.txt,3,812.8,287.02
305,09n04.txt,1998,1998,2,12-Mar,3,12,1066.8,347.98,305,09n04.txt,3,1066.8,347.98
306,09n04.txt,1999,1999,2,15-Mar,3,15,152.4,40.64,306,09n04.txt,3,152.4,40.64
307,09n04.txt,2000,2000,2,14-Mar,3,14,508,193.04,307,09n04.txt,3,508,193.04
308,09n04.txt,2001,2001,2,15-Mar,3,15,787.4,254,308,09n04.txt,3,787.4,254
309,09n04.txt,2002,2002,2,15-Mar,3,15,203.2,71.12,309,09n04.txt,3,203.2,71.12
310,09n04.txt,2003,2003,2,12-Mar,3,12,812.8,284.48,310,09n04.txt,3,812.8,284.48
311,09n04.txt,2004,2004,2,9-Mar,3,9,787.4,236.22,311,09n04.txt,3,787.4,236.22
312,09n04.txt,2005,2005,2,15-Mar,3,15,787.4,287.02,312,09n04.txt,3,787.4,287.02
313,09n04.txt,2006,2006,2,15-Mar,3,15,355.6,78.74,313,09n04.txt,3,355.6,78.74
314,09n04.txt,2007,2007,2,13-Mar,3,13,457.2,165.1,314,09n04.txt,3,457.2,165.1
315,09n04.txt,2008,2008,2,13-Mar,3,13,838.2,276.86,315,09n04.txt,3,838.2,276.86
316,09n04.txt,2009,2009,2,12-Mar,3,12,584.2,236.22,316,09n04.txt,3,584.2,236.22
317,09n04.txt,2010,2010,2,12-Mar,3,12,1397,452.12,317,09n04.txt,3,1397,452.12
318,09n04.txt,2011,2011,2,11-Mar,3,11,711.2,236.22,318,09n04.txt,3,711.2,236.22
319,09n04.txt,2012,2012,2,14-Mar,3,14,558.8,190.5,319,09n04.txt,3,558.8,190.5
320,09n02.txt,1985,1985,1,25-Mar,3,25,355.6,142.24,320,09n02.txt,3,355.6,142.24
321,09n02.txt,1986,1986,1,27-Mar,3,27,228.6,83.82,321,09n02.txt,3,228.6,83.82
322,09n02.txt,1987,1987,1,26-Mar,3,26,482.6,160.02,322,09n02.txt,3,482.6,160.02
323,09n02.txt,1988,1988,1,29-Mar,3,29,304.8,129.54,323,09n02.txt,3,304.8,129.54
324,09n02.txt,1989,1989,1,31-Mar,3,31,0,0,324,09n02.txt,3,0,0
325,09n02.txt,1990,1990,1,28-Mar,3,28,0,0,325,09n02.txt,3,0,0
326,09n02.txt,1991,1991,1,28-Mar,3,28,584.2,205.74,326,09n02.txt,3,584.2,205.74
327,09n02.txt,1992,1992,1,E/ST ,4,1,NA,101.6,327,09n02.txt,4,NA,101.6
328,09n02.txt,1993,1993,1,30-Mar,3,30,406.4,175.26,328,09n02.txt,3,406.4,175.26
329,09n02.txt,1994,1994,1,30-Mar,3,30,0,0,329,09n02.txt,3,0,0
330,09n02.txt,1995,1995,1,30-Mar,3,30,381,149.86,330,09n02.txt,3,381,149.86
331,09n02.txt,1996,1996,1,28-Mar,3,28,0,0,331,09n02.txt,3,0,0
332,09n02.txt,1997,1997,1,31-Mar,3,31,0,0,332,09n02.txt,3,0,0
333,09n02.txt,1998,1998,1,31-Mar,3,31,635,180.34,333,09n02.txt,3,635,180.34
334,09n02.txt,1999,1999,1,31-Mar,3,31,0,0,334,09n02.txt,3,0,0
335,09n02.txt,2000,2000,1,30-Mar,3,30,152.4,40.64,335,09n02.txt,3,152.4,40.64
336,09n02.txt,2001,2001,1,30-Mar,3,30,203.2,88.9,336,09n02.txt,3,203.2,88.9
337,09n02.txt,2002,2002,1,26-Mar,3,26,0,0,337,09n02.txt,3,0,0
338,09n02.txt,2003,2003,1,26-Mar,3,26,406.4,177.8,338,09n02.txt,3,406.4,177.8
339,09n02.txt,2004,2004,1,30-Mar,3,30,0,0,339,09n02.txt,3,0,0
340,09n02.txt,2005,2005,1,1-Apr,4,1,508,223.52,340,09n02.txt,4,508,223.52
341,09n02.txt,2006,2006,1,31-Mar,3,31,76.2,17.78,341,09n02.txt,3,76.2,17.78
342,09n02.txt,2007,2007,1,27-Mar,3,27,0,0,342,09n02.txt,3,0,0
343,09n02.txt,2008,2008,1,27-Mar,3,27,279.4,99.06,343,09n02.txt,3,279.4,99.06
344,09n02.txt,2009,2009,1,26-Mar,3,26,177.8,45.72,344,09n02.txt,3,177.8,45.72
345,09n02.txt,2010,2010,1,28-Mar,3,28,939.8,360.68,345,09n02.txt,3,939.8,360.68
346,09n02.txt,2011,2011,1,28-Mar,3,28,0,0,346,09n02.txt,3,0,0
347,09n02.txt,2012,2012,1,29-Mar,3,29,0,0,347,09n02.txt,3,0,0
348,09n02.txt,1986,1985,3,K/23 ,12,23,381,162.56,348,09n02.txt,12,381,162.56
349,09n04.txt,1986,1986,1,27-Mar,3,27,482.6,182.88,349,09n04.txt,3,482.6,182.88
350,09n04.txt,1987,1987,1,26-Mar,3,26,736.6,223.52,350,09n04.txt,3,736.6,223.52
351,09n04.txt,1988,1988,1,29-Mar,3,29,482.6,220.98,351,09n04.txt,3,482.6,220.98
352,09n04.txt,1989,1989,1,31-Mar,3,31,0,0,352,09n04.txt,3,0,0
353,09n04.txt,1990,1990,1,E/ST ,4,1,NA,101.6,353,09n04.txt,4,NA,101.6
354,09n04.txt,1991,1991,1,28-Mar,3,28,812.8,276.86,354,09n04.txt,3,812.8,276.86
355,09n04.txt,1992,1992,1,30-Mar,3,30,609.6,218.44,355,09n04.txt,3,609.6,218.44
356,09n04.txt,1993,1993,1,30-Mar,3,30,812.8,365.76,356,09n04.txt,3,812.8,365.76
357,09n04.txt,1994,1994,1,30-Mar,3,30,406.4,152.4,357,09n04.txt,3,406.4,152.4
358,09n04.txt,1995,1995,1,30-Mar,3,30,812.8,297.18,358,09n04.txt,3,812.8,297.18
359,09n04.txt,1996,1996,1,28-Mar,3,28,127,45.72,359,09n04.txt,3,127,45.72
360,09n04.txt,1997,1997,1,31-Mar,3,31,203.2,106.68,360,09n04.txt,3,203.2,106.68
361,09n04.txt,1998,1998,1,31-Mar,3,31,1066.8,322.58,361,09n04.txt,3,1066.8,322.58
362,09n04.txt,1999,1999,1,31-Mar,3,31,0,0,362,09n04.txt,3,0,0
363,09n04.txt,2000,2000,1,30-Mar,3,30,533.4,185.42,363,09n04.txt,3,533.4,185.42
364,09n04.txt,2001,2001,1,30-Mar,3,30,381,139.7,364,09n04.txt,3,381,139.7
365,09n04.txt,2002,2002,1,26-Mar,3,26,101.6,33.02,365,09n04.txt,3,101.6,33.02
366,09n04.txt,2003,2003,1,26-Mar,3,26,787.4,309.88,366,09n04.txt,3,787.4,309.88
367,09n04.txt,2004,2004,1,30-Mar,3,30,0,0,367,09n04.txt,3,0,0
368,09n04.txt,2005,2005,1,1-Apr,4,1,914.4,363.22,368,09n04.txt,4,914.4,363.22
369,09n04.txt,2006,2006,1,31-Mar,3,31,203.2,55.88,369,09n04.txt,3,203.2,55.88
370,09n04.txt,2007,2007,1,27-Mar,3,27,76.2,27.94,370,09n04.txt,3,76.2,27.94
371,09n04.txt,2008,2008,1,27-Mar,3,27,508,190.5,371,09n04.txt,3,508,190.5
372,09n04.txt,2009,2009,1,26-Mar,3,26,406.4,157.48,372,09n04.txt,3,406.4,157.48
373,09n04.txt,2010,2010,1,28-Mar,3,28,1092.2,419.1,373,09n04.txt,3,1092.2,419.1
374,09n04.txt,2011,2011,1,29-Mar,3,29,381,134.62,374,09n04.txt,3,381,134.62
375,09n04.txt,2012,2012,1,29-Mar,3,29,177.8,55.88,375,09n04.txt,3,177.8,55.88
376,09n04.txt,1986,1985,3,K/23 ,12,23,533.4,213.36,376,09n04.txt,12,533.4,213.36
